,Gen_Loss,Dis_Loss
0,11.344277381896973,0.005590034648776054
