,Gen_Loss,Dis_Loss
0,0.1492053121328354,-0.16269350051879883
